function|id|phase|cpu_user|cpu_system|cpu_child_user|cpu_child_sys|iowait|io_read_count|io_write_count|io_read_bytes|io_write_bytes|io_read_chars|io_write_chars|ctx_voluntary|ctx_involuntary|mem_rss|mem_vms|mem_shared|mem_text|mem_lib|mem_data|mem_dirty|mem_uss|mem_pss|mem_swap|net_bytes_sent|net_bytes_recv|net_packets_sent|net_packets_recv|net_errin|net_errout|net_dropin|net_dropout|create_time|node
mapper|0_0|start|0.0|0.0|0.0|0.0|0.0|6|0|0|0|2524|0|1|0|577536|7798784|499712|3264512|0|782336|0|172032|277504|0|2327|3847|13|21|0|0|0|0|1656104854.93|wn2.localdomain
mapper|0_0|end|326.05|0.76|0.03|0.03|0.0|1152|492|0|90112|3323925|89244|220|10524|380092416|510640128|213762048|3264512|0|178286592|0|171802624|240378880|0|6977|12780|63|83|0|0|0|0|0|wn2.localdomain
mapper|10_10|start|0.0|0.0|0.0|0.0|0.0|5|0|0|0|1692|0|0|1|28672|6610944|0|3264512|0|753664|0|45056|45056|0|2383|3832|14|22|0|0|0|0|1656104855.57|wn3.localdomain
mapper|10_10|end|302.86|0.68|0.04|0.02|0.0|1147|492|0|90112|3323932|89244|298|1513|382967808|510644224|216621056|3264512|0|178282496|0|167104512|238838784|0|6883|12147|61|71|0|0|0|0|0|wn3.localdomain
mapper|11_11|start|0.0|0.0|0.0|0.0|0.0|5|0|0|0|1692|0|0|0|28672|6610944|0|3264512|0|753664|0|45056|45056|0|2449|4026|15|25|0|0|0|0|1656104856.84|wn6.localdomain
mapper|11_11|end|300.27|0.69|0.04|0.03|0.0|1160|492|0|90112|3323932|89244|238|4328|383361024|510623744|217038848|3264512|0|178270208|0|173359104|224967680|0|7159|12509|67|78|0|0|0|0|0|wn6.localdomain
mapper|12_12|start|0.0|0.0|0.0|0.0|0.0|5|0|0|0|1692|0|0|1|28672|6619136|0|3264512|0|761856|0|122880|148480|0|2449|3984|15|24|0|0|0|0|1656104856.66|wn5.localdomain
mapper|12_12|end|303.75|0.63|0.03|0.03|0.0|1152|492|0|90112|3323932|89244|218|2187|383823872|510644224|217612288|3264512|0|178290688|0|167964672|222743552|0|7033|12383|64|75|0|0|0|0|0|wn5.localdomain
mapper|13_13|start|0.0|0.0|0.0|0.0|0.0|5|0|0|0|1692|0|0|1|28672|6610944|0|3264512|0|753664|0|57344|64512|0|2451|3832|15|22|0|0|0|0|1656104856.39|wn2.localdomain
mapper|13_13|end|319.43|0.74|0.04|0.01|0.0|1156|494|0|98304|3323932|95981|213|6599|379756544|510705664|213020672|3264512|0|178290688|0|167272448|210051072|0|7017|12465|63|78|0|0|0|0|0|wn2.localdomain
mapper|14_14|start|0.0|0.0|0.0|0.0|0.0|5|0|0|0|1692|0|0|0|28672|6610944|0|3264512|0|753664|0|57344|73728|0|2385|3790|14|21|0|0|0|0|1656104854.82|wn1.localdomain
mapper|14_14|end|326.74|0.8|0.04|0.02|0.0|1180|492|0|90112|3323932|89244|265|6957|379449344|510660608|213086208|3264512|0|178282496|0|167092224|220338176|0|7245|13221|69|96|0|0|0|0|0|wn1.localdomain
mapper|15_15|start|0.0|0.0|0.0|0.0|0.0|5|0|0|0|1692|0|0|0|28672|6610944|0|3264512|0|753664|0|57344|74752|0|2451|3700|15|20|0|0|0|0|1656104854.87|wn4.localdomain
mapper|15_15|end|325.36|0.67|0.03|0.03|0.0|1014|494|0|98304|3323932|95981|161|3771|380559360|510697472|213852160|3264512|0|178286592|0|373825536|376462336|0|7143|13389|66|100|0|0|0|0|0|wn4.localdomain
mapper|16_16|start|0.0|0.0|0.0|0.0|0.0|5|0|0|0|1692|0|0|1|28672|6619136|0|3264512|0|761856|0|122880|140288|0|2451|3790|15|21|0|0|0|0|1656104857.45|wn2.localdomain
mapper|16_16|end|324.5|0.74|0.02|0.03|0.0|1119|492|0|90112|3323932|89244|232|8713|379453440|510644224|213102592|3264512|0|178290688|0|166940672|237558784|0|6975|12297|62|74|0|0|0|0|0|wn2.localdomain
mapper|17_17|start|0.0|0.0|0.0|0.0|0.0|5|0|0|0|1692|0|0|0|28672|6651904|0|3264512|0|761856|0|126976|145408|0|2383|3916|14|24|0|0|0|0|1656104857.65|wn6.localdomain
mapper|17_17|end|302.99|0.69|0.02|0.03|0.0|1207|494|0|98304|3323932|95981|310|5199|383176704|510701568|216522752|3264512|0|178290688|0|166961152|273197056|0|6967|12231|63|73|0|0|0|0|0|wn6.localdomain
mapper|18_18|start|0.0|0.0|0.0|0.0|0.0|5|0|0|0|1692|0|0|1|28672|6610944|0|3264512|0|753664|0|57344|59392|0|2449|3874|15|23|0|0|0|0|1656104857.52|wn5.localdomain
mapper|18_18|end|304.68|0.74|0.04|0.03|0.0|1211|492|0|90112|3323932|89244|315|3860|382652416|510640128|216481792|3264512|0|178286592|0|173010944|276132864|0|6949|12231|62|73|0|0|0|0|0|wn5.localdomain
mapper|19_19|start|0.0|0.0|0.0|0.0|0.0|5|0|0|0|1692|0|0|0|28672|6610944|0|3264512|0|753664|0|57344|66560|0|2383|3874|14|23|0|0|0|0|1656104856.47|wn3.localdomain
mapper|19_19|end|303.26|0.82|0.05|0.03|0.0|1196|492|0|90112|3323932|89244|299|3441|383459328|510652416|217366528|3264512|0|178298880|0|212656128|296002560|0|6757|12105|58|70|0|0|0|0|0|wn3.localdomain
mapper|1_1|start|0.0|0.0|0.0|0.0|0.0|5|0|0|0|1692|0|0|0|28672|6610944|0|3264512|0|753664|0|57344|71680|0|2445|4132|15|26|0|0|0|0|1656104855.93|wn5.localdomain
mapper|1_1|end|308.4|0.57|0.04|0.02|0.0|1208|492|0|90112|3323928|89244|312|5099|383385600|510640128|217092096|3264512|0|178286592|0|196083712|261281792|0|6987|12909|63|86|0|0|0|0|0|wn5.localdomain
mapper|20_20|start|0.0|0.0|0.0|0.0|0.0|5|0|0|0|1692|0|0|0|28672|6610944|0|3264512|0|753664|0|57344|70656|0|2385|3832|14|22|0|0|0|0|1656104855.87|wn4.localdomain
mapper|20_20|end|319.46|0.72|0.03|0.01|0.0|1184|492|0|90112|3323932|89244|240|6090|380272640|510648320|213929984|3264512|0|178282496|0|172806144|274755584|0|6993|13179|63|95|0|0|0|0|0|wn4.localdomain
mapper|21_21|start|0.0|0.0|0.0|0.0|0.0|5|0|0|0|1692|0|0|0|28672|6651904|0|3264512|0|761856|0|126976|152576|0|2331|3766|13|21|0|0|0|0|1656104855.94|wn1.localdomain
mapper|21_21|end|337.4|0.68|0.03|0.03|0.0|1198|494|0|98304|3323932|95981|306|5932|380424192|510799872|213757952|3264512|0|178413568|0|373862400|376606720|0|7173|13473|67|102|0|0|0|0|0|wn1.localdomain
mapper|22_22|start|0.0|0.0|0.0|0.0|0.0|5|0|0|0|1692|0|0|0|28672|6610944|0|3264512|0|753664|0|57344|63488|0|2451|3658|15|19|0|0|0|0|1656104858.42|wn2.localdomain
mapper|22_22|end|330.92|0.71|0.03|0.02|0.0|1165|492|0|90112|3323932|89244|228|8487|379318272|510644224|213049344|3264512|0|178290688|0|372715520|374356992|0|7209|12741|67|84|0|0|0|0|0|wn2.localdomain
mapper|23_23|start|0.0|0.0|0.0|0.0|0.0|5|0|0|0|1692|0|0|0|28672|6610944|0|3264512|0|753664|0|57344|62464|0|2449|3916|15|24|0|0|0|0|1656104858.4|wn6.localdomain
mapper|23_23|end|297.88|0.61|0.03|0.03|0.0|1152|492|0|90112|3323932|89244|284|3847|383270912|510636032|217190400|3264512|0|178282496|0|168865792|212326400|0|7033|12189|64|72|0|0|0|0|0|wn6.localdomain
mapper|24_24|start|0.0|0.0|0.0|0.0|0.0|5|0|0|0|1692|0|0|0|28672|6610944|0|3264512|0|753664|0|53248|61440|0|2451|3748|15|20|0|0|0|0|1656104857.77|wn1.localdomain
mapper|24_24|end|325.29|0.68|0.04|0.01|0.0|1100|492|0|90112|3323932|89244|189|5891|379277312|510644224|212963328|3264512|0|178286592|0|167096320|237854720|0|7185|12927|67|89|0|0|0|0|0|wn1.localdomain
mapper|25_25|start|0.0|0.0|0.0|0.0|0.0|5|0|0|0|1692|0|0|1|507904|7598080|438272|3264512|0|770048|0|163840|184320|0|2449|3790|15|21|0|0|0|0|1656104858.31|wn5.localdomain
mapper|25_25|end|302.26|0.67|0.04|0.03|0.0|1175|494|0|98304|3323932|95981|293|4215|383725568|510697472|217092096|3264512|0|178286592|0|167821312|239726592|0|7033|12105|64|70|0|0|0|0|0|wn5.localdomain
mapper|26_26|start|0.0|0.0|0.0|0.0|0.0|5|0|0|0|1692|0|0|0|28672|6610944|0|3264512|0|753664|0|57344|60416|0|2451|3706|15|19|0|0|0|0|1656104857.69|wn4.localdomain
mapper|26_26|end|316.96|0.71|0.03|0.03|0.0|1163|492|0|90112|3323932|89244|251|4415|380624896|510664704|214122496|3264512|0|178298880|0|167694336|238587904|0|7143|13053|66|92|0|0|0|0|0|wn4.localdomain
mapper|27_27|start|0.0|0.0|0.0|0.0|0.0|5|0|0|0|1692|0|0|0|557056|7798784|479232|3264512|0|770048|0|172032|190464|0|2449|3748|15|20|0|0|0|0|1656104857.86|wn3.localdomain
mapper|27_27|end|297.2|0.6|0.04|0.03|0.0|1198|492|0|90112|3323932|89244|318|3364|383442944|510640128|217104384|3264512|0|178278400|0|168038400|211846144|0|6925|11871|62|65|0|0|0|0|0|wn3.localdomain
mapper|28_28|start|0.0|0.0|0.0|0.0|0.0|5|0|0|0|1692|0|0|0|28672|6610944|0|3264512|0|753664|0|57344|61440|0|2451|3658|15|19|0|0|0|0|1656104858.99|wn1.localdomain
mapper|28_28|end|331.06|0.81|0.03|0.03|0.0|1172|492|0|90112|3323932|89244|280|5056|379330560|510644224|213024768|3264512|0|178290688|0|170147840|246284288|0|7377|13413|71|100|0|0|0|0|0|wn1.localdomain
mapper|29_29|start|0.0|0.0|0.0|0.0|0.0|5|0|0|0|1692|0|0|0|28672|6610944|0|3264512|0|753664|0|57344|62464|0|2449|3706|15|19|0|0|0|0|1656104860.46|wn5.localdomain
mapper|29_29|end|299.01|0.86|0.04|0.02|0.0|1192|492|0|90112|3323932|89244|300|4681|383287296|510660608|216969216|3264512|0|178307072|0|166539264|210402304|0|6949|11853|62|64|0|0|0|0|0|wn5.localdomain
mapper|2_2|start|0.0|0.0|0.0|0.0|0.0|5|0|0|0|1692|0|0|0|28672|6610944|0|3264512|0|753664|0|45056|45056|0|2445|4090|15|25|0|0|0|0|1656104854.88|wn3.localdomain
mapper|2_2|end|304.5|0.68|0.04|0.03|0.0|1206|492|0|90112|3323928|89244|313|2334|382914560|510627840|216813568|3264512|0|178274304|0|172417024|273926144|0|6987|12573|63|78|0|0|0|0|0|wn3.localdomain
mapper|30_30|start|0.0|0.0|0.0|0.0|0.0|5|0|0|0|1692|0|0|0|28672|6610944|0|3264512|0|753664|0|57344|60416|0|2383|3832|14|22|0|0|0|0|1656104859.61|wn6.localdomain
mapper|30_30|end|299.9|0.84|0.03|0.03|0.0|1194|492|0|90112|3323932|89244|300|8608|382464000|510644224|216317952|3264512|0|178290688|0|166551552|237387776|0|6967|12063|63|69|0|0|0|0|0|wn6.localdomain
mapper|31_31|start|0.0|0.0|0.0|0.0|0.0|5|0|0|0|1692|0|0|0|532480|7798784|458752|3264512|0|782336|0|167936|184320|0|2451|3706|15|19|0|0|0|0|1656104861.56|wn2.localdomain
mapper|31_31|end|316.27|0.74|0.03|0.02|0.0|1093|492|0|90112|3323932|89244|184|8484|379867136|510636032|213708800|3264512|0|178278400|0|167763968|221148160|0|7017|12129|63|70|0|0|0|0|0|wn2.localdomain
mapper|3_3|start|0.0|0.0|0.0|0.0|0.0|5|0|0|0|1692|0|0|1|28672|6610944|0|3264512|0|753664|0|53248|67584|0|2379|4132|14|26|0|0|0|0|1656104856.23|wn6.localdomain
mapper|3_3|end|299.09|0.67|0.04|0.02|0.0|1154|492|0|90112|3323928|89244|228|3589|382775296|510648320|216473600|3264512|0|178294784|0|166883328|203150336|0|6963|12573|63|78|0|0|0|0|0|wn6.localdomain
mapper|4_4|start|0.0|0.0|0.0|0.0|0.0|5|0|0|0|1692|0|0|0|28672|6610944|0|3264512|0|753664|0|57344|67584|0|2445|3872|15|22|0|0|0|0|1656104854.86|wn3.localdomain
mapper|4_4|end|300.26|0.62|0.04|0.03|0.0|1167|494|0|98304|3323928|95979|299|2361|382894080|510676992|216375296|3264512|0|178298880|0|166711296|220412928|0|7029|12271|64|73|0|0|0|0|0|wn3.localdomain
mapper|5_5|start|0.0|0.0|0.0|0.0|0.0|6|0|0|0|2524|0|0|1|28672|6619136|0|3264512|0|761856|0|126976|191488|0|2445|4090|15|25|0|0|0|0|1656104855.97|wn6.localdomain
mapper|5_5|end|305.07|0.72|0.03|0.03|0.0|1057|492|0|90112|3323928|89244|176|7677|382652416|510631936|216358912|3264512|0|178278400|0|376270848|379112448|0|7029|12615|64|79|0|0|0|0|0|wn6.localdomain
mapper|6_6|start|0.0|0.0|0.0|0.0|0.0|13|0|0|0|6704|0|0|0|557056|7798784|479232|3264512|0|782336|0|172032|252928|0|2381|3786|14|21|0|0|0|0|1656104854.39|wn1.localdomain
mapper|6_6|end|320.76|0.82|0.03|0.02|0.0|1123|494|0|98304|3323928|95979|173|5445|379731968|510672896|213151744|3264512|0|178282496|0|166731776|209282048|0|7115|13049|66|92|0|0|0|0|0|wn1.localdomain
mapper|7_7|start|0.0|0.0|0.0|0.0|0.0|5|0|0|0|1692|0|0|0|28672|6610944|0|3264512|0|753664|0|57344|88064|0|2447|3786|15|21|0|0|0|0|1656104854.43|wn4.localdomain
mapper|7_7|end|316.3|0.68|0.04|0.01|0.0|1187|492|0|90112|3323928|89244|241|3086|380174336|510631936|213835776|3264512|0|178270208|0|167059456|220613632|0|7139|13091|66|93|0|0|0|0|0|wn4.localdomain
mapper|8_8|start|0.0|0.0|0.0|0.0|0.0|13|0|0|0|6704|0|0|0|479232|7598080|409600|3264512|0|770048|0|163840|207872|0|2447|3898|15|22|0|0|0|0|1656104855.19|wn2.localdomain
mapper|8_8|end|317.34|0.76|0.04|0.01|0.0|1096|494|0|98304|3323930|95979|224|6758|380538880|510668800|213983232|3264512|0|178282496|0|166883328|203177984|0|7085|12675|65|82|0|0|0|0|0|wn2.localdomain
mapper|9_9|start|0.0|0.0|0.0|0.0|0.0|5|0|0|0|1692|0|0|1|28672|6610944|0|3264512|0|753664|0|53248|75776|0|2445|3984|15|24|0|0|0|0|1656104855.83|wn5.localdomain
mapper|9_9|end|299.85|0.64|0.04|0.02|0.0|1155|492|0|90112|3323932|89244|209|3048|383504384|510767104|217239552|3264512|0|178413568|0|166973440|203735040|0|6945|12383|62|75|0|0|0|0|0|wn5.localdomain
reducer|0_0|start|0.0|0.0|0.0|0.0|0.0|5|0|0|0|1692|0|0|0|28672|6610944|0|3264512|0|753664|0|53248|89088|0|2585|8200|17|22|0|0|0|0|1656105191.42|wn5.localdomain
reducer|0_0|end|0.76|0.13|0.04|0.03|0.0|1215|492|0|53248|3289054|55739|328|37|311599104|449613824|205832192|3264512|0|117497856|0|304685056|306672640|0|7048|28467|39|47|0|0|0|0|0|wn5.localdomain
reducer|0_15|start|0.0|0.0|0.0|0.0|0.0|5|0|0|0|1692|0|0|0|28672|6610944|0|3264512|0|753664|0|61440|94208|0|2587|8156|17|23|0|0|0|0|1656105214.73|wn5.localdomain
reducer|0_15|end|0.38|0.08|0.02|0.01|0.0|901|410|0|0|2676420|21322|161|8|255967232|324288512|179277824|3264512|0|79093760|0|249856000|252657664|0|6109|23294|34|39|0|0|0|0|0|wn5.localdomain
reducer|0_1|start|0.0|0.0|0.0|0.0|0.0|5|0|0|0|1692|0|0|0|499712|7598080|430080|3264512|0|761856|0|163840|196608|0|2587|8014|17|24|0|0|0|0|1656105195.54|wn1.localdomain
reducer|0_1|end|1.25|0.17|0.03|0.02|0.0|1184|492|0|53248|3288784|55739|276|23|318926848|456916992|204681216|3264512|0|124801024|0|118947840|217098240|0|7038|27843|39|45|0|0|0|0|0|wn1.localdomain
reducer|0_3|start|0.0|0.0|0.0|0.0|0.0|5|0|0|0|1692|0|0|0|28672|6610944|0|3264512|0|753664|0|57344|82944|0|2585|7930|17|22|0|0|0|0|1656105201.73|wn3.localdomain
reducer|0_3|end|0.79|0.11|0.03|0.04|0.0|1158|492|0|53248|3288784|55739|271|10|313556992|450416640|206057472|3264512|0|118300672|0|195588096|252814336|0|7048|27867|39|45|0|0|0|0|0|wn3.localdomain
reducer|0_7|start|0.0|0.0|0.0|0.0|0.0|5|0|0|0|1692|0|0|1|28672|6619136|0|3264512|0|761856|0|122880|200704|0|2455|7882|15|22|0|0|0|0|1656105206.14|wn4.localdomain
reducer|0_7|end|1.19|0.2|0.04|0.03|0.0|1177|492|0|53248|3288784|55740|259|34|316329984|454979584|204156928|3264512|0|122859520|0|309923840|312570880|0|6919|27885|37|46|0|0|0|0|0|wn4.localdomain
reducer|10_10|start|0.0|0.0|0.0|0.0|0.0|5|0|0|0|1692|0|0|1|28672|6610944|0|3264512|0|753664|0|53248|80896|0|2589|8158|17|21|0|0|0|0|1656105167.38|wn3.localdomain
reducer|10_10|end|1.22|0.16|0.05|0.02|0.0|1148|494|0|53248|3294012|56639|221|62|328404992|462536704|209268736|3264512|0|130392064|0|321916928|324550656|0|7054|28341|39|44|0|0|0|0|0|wn3.localdomain
reducer|10_11|start|0.0|0.0|0.0|0.0|0.0|5|0|0|0|1692|0|0|0|28672|6610944|0|3264512|0|753664|0|57344|61440|0|2591|7924|17|23|0|0|0|0|1656105172.28|wn4.localdomain
reducer|10_11|end|0.35|0.1|0.01|0.02|0.0|908|410|0|0|2676420|21322|226|37|232329216|310738944|169394176|3264512|0|65544192|0|63242240|96866304|0|6123|23322|34|43|0|0|0|0|0|wn4.localdomain
reducer|11_11|start|0.0|0.0|0.0|0.0|0.0|7|0|0|0|3356|0|0|0|499712|7598080|430080|3264512|0|770048|0|163840|182272|0|2591|8116|17|20|0|0|0|0|1656105165.88|wn4.localdomain
reducer|11_11|end|1.26|0.14|0.02|0.03|0.0|1158|494|0|53248|3294012|56639|245|124|324673536|462532608|205729792|3264512|0|130396160|0|119672832|160913408|0|7056|28173|39|40|0|0|0|0|0|wn4.localdomain
reducer|12_12|start|0.0|0.0|0.0|0.0|0.0|5|0|0|0|1692|0|0|0|28672|6610944|0|3264512|0|753664|0|57344|69632|0|2589|8290|17|23|0|0|0|0|1656105169.64|wn6.localdomain
reducer|12_12|end|0.35|0.1|0.02|0.01|0.0|921|410|0|0|2676420|21322|267|12|238542848|314073088|172220416|3264512|0|68878336|0|72306688|153432064|0|6177|23470|35|40|0|0|0|0|0|wn6.localdomain
reducer|12_13|start|0.0|0.0|0.0|0.0|0.0|5|0|0|0|1692|0|0|0|491520|7598080|421888|3264512|0|770048|0|163840|210944|0|2589|8014|17|24|0|0|0|0|1656105193.44|wn5.localdomain
reducer|12_13|end|0.8|0.11|0.04|0.01|0.0|1162|492|0|53248|3288784|55741|233|13|311902208|449650688|205111296|3264512|0|117534720|0|228061184|268176384|0|7054|27885|39|46|0|0|0|0|0|wn5.localdomain
reducer|12_15|start|0.0|0.0|0.0|0.0|0.0|5|0|0|0|1692|0|0|0|28672|6610944|0|3264512|0|753664|0|57344|66560|0|2457|8020|15|23|0|0|0|0|1656105204.72|wn5.localdomain
reducer|12_15|end|0.76|0.12|0.03|0.03|0.0|1203|492|0|53248|3288784|55740|289|59|309153792|448135168|203583488|3264512|0|116019200|0|140095488|221644800|0|6921|27759|37|43|0|0|0|0|0|wn5.localdomain
reducer|13_13|start|0.0|0.0|0.0|0.0|0.0|5|0|0|0|1692|0|0|0|28672|6610944|0|3264512|0|753664|0|57344|70656|0|2457|8358|15|23|0|0|0|0|1656105185.68|wn6.localdomain
reducer|13_13|end|0.78|0.12|0.03|0.03|0.0|1192|492|0|53248|3289054|55741|292|15|307163136|448126976|201764864|3264512|0|116011008|0|114094080|208737280|0|6922|28259|37|41|0|0|0|0|0|wn6.localdomain
reducer|14_14|start|0.0|0.0|0.0|0.0|0.0|5|0|0|0|1692|0|0|0|28672|6610944|0|3264512|0|753664|0|53248|63488|0|2589|8458|17|27|0|0|0|0|1656105192.11|wn3.localdomain
reducer|14_14|end|0.8|0.11|0.03|0.03|0.0|1165|492|0|53248|3289054|55741|276|8|314208256|451301376|206663680|3264512|0|119185408|0|150306816|230360064|0|7054|28701|39|52|0|0|0|0|0|wn3.localdomain
reducer|14_15|start|0.0|0.0|0.0|0.0|0.0|5|0|0|0|1692|0|0|0|28672|6619136|0|3264512|0|761856|0|126976|200704|0|2591|8108|17|23|0|0|0|0|1656105197.11|wn4.localdomain
reducer|14_15|end|1.26|0.16|0.03|0.02|0.0|1078|492|0|53248|3288784|55741|170|16|318083072|456101888|204632064|3264512|0|123985920|0|240001024|277171200|0|7056|27979|39|45|0|0|0|0|0|wn4.localdomain
reducer|15_15|start|0.0|0.0|0.0|0.0|0.0|5|0|0|0|1692|0|0|1|495616|7598080|425984|3264512|0|770048|0|163840|260096|0|2591|8200|17|22|0|0|0|0|1656105189.45|wn4.localdomain
reducer|15_15|end|1.27|0.13|0.04|0.02|0.0|1210|492|0|53248|3289054|55741|250|35|320471040|458776576|204345344|3264512|0|126660608|0|313958400|316579840|0|7044|28383|39|45|0|0|0|0|0|wn4.localdomain
reducer|16_16|start|0.0|0.0|0.0|0.0|0.0|5|0|0|0|1692|0|0|0|28672|6610944|0|3264512|0|753664|0|57344|74752|0|2589|8332|17|24|0|0|0|0|1656105190.95|wn6.localdomain
reducer|16_16|end|0.79|0.11|0.04|0.03|0.0|1193|490|0|45056|3287187|54710|271|16|300986368|445140992|198975488|3264512|0|113025024|0|294354944|297255936|0|7054|28449|39|46|0|0|0|0|0|wn6.localdomain
reducer|16_17|start|0.0|0.0|0.0|0.0|0.0|5|0|0|0|1692|0|0|0|516096|7598080|446464|3264512|0|770048|0|163840|270336|0|2589|8014|17|24|0|0|0|0|1656105196.27|wn6.localdomain
reducer|16_17|end|0.77|0.12|0.03|0.04|0.0|1162|490|0|45056|3286917|54710|263|30|301690880|445853696|198889472|3264512|0|113741824|0|295170048|297886720|0|7054|27993|39|48|0|0|0|0|0|wn6.localdomain
reducer|16_19|start|0.0|0.0|0.0|0.0|0.0|5|0|0|0|1692|0|0|0|28672|6610944|0|3264512|0|753664|0|57344|64512|0|2589|7888|17|21|0|0|0|0|1656105202.46|wn3.localdomain
reducer|16_19|end|0.38|0.07|0.02|0.01|0.0|927|410|0|0|2676420|21322|283|5|256724992|324284416|179834880|3264512|0|79089664|0|83279872|167962624|0|6123|23092|34|38|0|0|0|0|0|wn3.localdomain
reducer|16_23|start|0.0|0.0|0.0|0.0|0.0|5|0|0|0|1692|0|0|0|28672|6651904|0|3264512|0|761856|0|131072|229376|0|2459|8156|15|23|0|0|0|0|1656105217.18|wn4.localdomain
reducer|16_23|end|0.75|0.18|0.02|0.01|0.0|1071|424|0|40960|3238281|49390|204|7|277381120|418787328|184549376|3264512|0|103841792|0|271106048|273931264|0|6924|27853|37|42|0|0|0|0|0|wn4.localdomain
reducer|16_31|start|0.0|0.0|0.0|0.0|0.0|5|0|0|0|1692|0|0|0|28672|6610944|0|3264512|0|753664|0|57344|93184|0|2457|8156|15|23|0|0|0|0|1656105220.57|wn3.localdomain
reducer|16_31|end|0.77|0.12|0.04|0.02|0.0|1205|492|0|53248|3288784|55740|292|14|315461632|452202496|206147584|3264512|0|120086528|0|308924416|311800832|0|6921|27853|37|42|0|0|0|0|0|wn3.localdomain
reducer|17_17|start|0.0|0.0|0.0|0.0|0.0|5|0|0|0|1692|0|0|1|28672|6619136|0|3264512|0|761856|0|57344|71680|0|2589|8200|17|22|0|0|0|0|1656105169.65|wn5.localdomain
reducer|17_17|end|0.38|0.07|0.01|0.02|0.0|934|410|0|0|2676420|21322|260|10|242077696|317321216|172380160|3264512|0|72126464|0|70062080|127441920|0|6189|23512|35|41|0|0|0|0|0|wn5.localdomain
reducer|18_18|start|0.0|0.0|0.0|0.0|0.0|5|0|0|0|1692|0|0|0|28672|6610944|0|3264512|0|753664|0|57344|72704|0|2589|8248|17|22|0|0|0|0|1656105172.85|wn5.localdomain
reducer|18_18|end|0.81|0.09|0.04|0.02|0.0|1195|492|0|53248|3289054|55741|287|230|314834944|451268608|206303232|3264512|0|119148544|0|308457472|311199744|0|7054|28323|39|43|0|0|0|0|0|wn5.localdomain
reducer|18_19|start|0.0|0.0|0.0|0.0|0.0|5|0|0|0|1692|0|0|0|28672|6610944|0|3264512|0|753664|0|57344|93184|0|2589|7846|17|20|0|0|0|0|1656105177.96|wn3.localdomain
reducer|18_19|end|0.37|0.09|0.01|0.02|0.0|849|410|0|0|2676420|21322|192|6|244936704|318459904|174178304|3264512|0|73265152|0|238411776|241233920|0|6123|23074|34|37|0|0|0|0|0|wn3.localdomain
reducer|19_19|start|0.0|0.0|0.0|0.0|0.0|5|0|0|0|1692|0|0|0|28672|6610944|0|3264512|0|753664|0|53248|67584|0|2457|8290|15|23|0|0|0|0|1656105169.35|wn5.localdomain
reducer|19_19|end|1.19|0.17|0.05|0.02|0.0|1141|494|0|53248|3294012|56639|193|49|328146944|462520320|209256448|3264512|0|130392064|0|321622016|323495936|0|6910|28467|37|47|0|0|0|0|0|wn5.localdomain
reducer|1_1|start|0.0|0.0|0.0|0.0|0.0|5|0|0|0|1692|0|0|0|28672|6610944|0|3264512|0|753664|0|40960|40960|0|2585|8426|17|23|0|0|0|0|1656105175.94|wn3.localdomain
reducer|1_1|end|0.38|0.07|0.0|0.03|0.0|902|410|0|0|2676420|21322|248|14|248360960|321576960|174452736|3264512|0|76382208|0|241704960|244538368|0|6183|23602|35|40|0|0|0|0|0|wn3.localdomain
reducer|20_20|start|0.0|0.0|0.0|0.0|0.0|5|0|0|0|1692|0|0|0|28672|6610944|0|3264512|0|753664|0|53248|78848|0|2589|8510|17|25|0|0|0|0|1656105185.42|wn3.localdomain
reducer|20_20|end|0.38|0.07|0.01|0.02|0.0|891|410|0|0|2676420|21322|254|28|242610176|316977152|173432832|3264512|0|71782400|0|235958272|237480960|0|6189|23732|35|43|0|0|0|0|0|wn3.localdomain
reducer|20_21|start|0.0|0.0|0.0|0.0|0.0|5|0|0|0|1692|0|0|0|28672|6610944|0|3264512|0|753664|0|61440|97280|0|2457|7888|15|21|0|0|0|0|1656105207.98|wn6.localdomain
reducer|20_21|end|0.76|0.13|0.05|0.02|0.0|1125|490|0|45056|3286917|54710|259|27|301285376|445579264|198758400|3264512|0|113463296|0|294711296|297414656|0|6922|27609|37|40|0|0|0|0|0|wn6.localdomain
reducer|20_23|start|0.0|0.0|0.0|0.0|0.0|5|0|0|0|1692|0|0|0|28672|6619136|0|3264512|0|761856|0|122880|199680|0|2591|7888|17|21|0|0|0|0|1656105212.85|wn2.localdomain
reducer|20_23|end|1.24|0.17|0.03|0.03|0.0|1179|492|0|53248|3288784|55741|279|32|320151552|458391552|204406784|3264512|0|126275584|0|313643008|316446720|0|7044|27651|39|41|0|0|0|0|0|wn2.localdomain
reducer|21_21|start|0.0|0.0|0.0|0.0|0.0|6|0|0|0|2524|0|0|0|28672|6619136|0|3264512|0|761856|0|57344|89088|0|2459|8242|15|23|0|0|0|0|1656105203.82|wn2.localdomain
reducer|21_21|end|1.25|0.16|0.03|0.02|0.0|1170|492|0|53248|3289054|55741|231|469|315703296|455143424|203034624|3264512|0|123027456|0|149979136|230968320|0|6912|28359|37|45|0|0|0|0|0|wn2.localdomain
reducer|22_22|start|0.0|0.0|0.0|0.0|0.0|6|0|0|0|2524|0|0|1|606208|7913472|516096|3264512|0|790528|0|155648|236544|0|2591|8068|17|20|0|0|0|0|1656105198.34|wn4.localdomain
reducer|22_22|end|1.21|0.17|0.04|0.02|0.0|1150|492|0|53248|3289054|55741|191|103|324059136|461201408|205459456|3264512|0|129081344|0|318005248|320675840|0|7056|28233|39|42|0|0|0|0|0|wn4.localdomain
reducer|22_23|start|0.0|0.0|0.0|0.0|0.0|5|0|0|0|1692|0|0|1|28672|6610944|0|3264512|0|753664|0|57344|93184|0|2459|7882|15|22|0|0|0|0|1656105203.36|wn1.localdomain
reducer|22_23|end|0.77|0.19|0.01|0.01|0.0|957|415|0|28672|2991872|37133|164|330|273534976|341520384|183586816|3264512|0|93360128|0|266821632|268450816|0|5993|23242|32|41|0|0|0|0|0|wn1.localdomain
reducer|23_23|start|0.0|0.0|0.0|0.0|0.0|5|0|0|0|1692|0|0|0|28672|6610944|0|3264512|0|753664|0|57344|61440|0|2591|8116|17|20|0|0|0|0|1656105165.74|wn2.localdomain
reducer|23_23|end|0.79|0.13|0.02|0.01|0.0|1063|424|0|28672|3137924|40532|255|110|276234240|342253568|184791040|3264512|0|94052352|0|92069888|118496256|0|6191|23278|35|36|0|0|0|0|0|wn2.localdomain
reducer|24_24|start|0.0|0.0|0.0|0.0|0.0|5|0|0|0|1692|0|0|0|28672|6610944|0|3264512|0|753664|0|61440|76800|0|2589|8284|17|24|0|0|0|0|1656105194.21|wn5.localdomain
reducer|24_24|end|0.77|0.13|0.02|0.05|0.0|1164|492|0|53248|3289054|55741|280|103|317460480|452579328|207355904|3264512|0|120463360|0|310644736|313524224|0|7054|28275|39|43|0|0|0|0|0|wn5.localdomain
reducer|24_25|start|0.0|0.0|0.0|0.0|0.0|6|0|0|0|2524|0|0|0|589824|7798784|512000|3264512|0|782336|0|172032|301056|0|2591|7930|17|22|0|0|0|0|1656105199.18|wn2.localdomain
reducer|24_25|end|1.27|0.14|0.03|0.02|0.0|1102|492|0|53248|3288784|55741|213|24|322232320|459853824|204967936|3264512|0|127737856|0|315650048|318477312|0|7056|27777|39|44|0|0|0|0|0|wn2.localdomain
reducer|24_27|start|0.0|0.0|0.0|0.0|0.0|7|0|0|0|3356|0|0|0|28672|7598080|0|3264512|0|761856|0|131072|185344|0|2459|7972|15|23|0|0|0|0|1656105204.67|wn2.localdomain
reducer|24_27|end|0.8|0.14|0.02|0.01|0.0|1034|424|0|28672|3137924|40532|203|29|277037056|342839296|185044992|3264512|0|94638080|0|270209024|272082944|0|6059|23284|33|42|0|0|0|0|0|wn2.localdomain
reducer|24_31|start|0.0|0.0|0.0|0.0|0.0|8|0|0|0|4188|0|1|0|528384|7798784|450560|3264512|0|782336|0|172032|271360|0|2591|7846|17|20|0|0|0|0|1656105214.78|wn1.localdomain
reducer|24_31|end|1.25|0.16|0.03|0.02|0.0|1130|492|0|53248|3288784|55741|245|24|317767680|456273920|204349440|3264512|0|124153856|0|311476224|314256384|0|7044|27609|39|40|0|0|0|0|0|wn1.localdomain
reducer|25_25|start|0.0|0.0|0.0|0.0|0.0|7|0|0|0|3356|0|0|0|483328|7598080|413696|3264512|0|770048|0|163840|193536|0|2589|8200|17|22|0|0|0|0|1656105170.4|wn6.localdomain
reducer|25_25|end|0.38|0.07|0.01|0.02|0.0|898|410|0|0|2676420|21322|257|34|236425216|312741888|171388928|3264512|0|67547136|0|229421056|231375872|0|6189|23362|35|38|0|0|0|0|0|wn6.localdomain
reducer|26_26|start|0.0|0.0|0.0|0.0|0.0|5|0|0|0|1692|0|0|0|28672|6610944|0|3264512|0|753664|0|45056|54272|0|2589|8510|17|25|0|0|0|0|1656105185.54|wn6.localdomain
reducer|26_26|end|0.82|0.08|0.04|0.03|0.0|1164|490|0|45056|3287187|54710|221|14|305197056|446881792|201371648|3264512|0|114765824|0|126722048|214270976|0|7054|28477|39|44|0|0|0|0|0|wn6.localdomain
reducer|26_27|start|0.0|0.0|0.0|0.0|0.0|5|0|0|0|1692|0|0|0|28672|6610944|0|3264512|0|753664|0|40960|47104|0|2589|7888|17|21|0|0|0|0|1656105190.24|wn6.localdomain
reducer|26_27|end|0.35|0.1|0.01|0.02|0.0|919|410|0|0|2676420|21322|275|23|241135616|316284928|172441600|3264512|0|71090176|0|234434560|237021184|0|6255|23308|36|42|0|0|0|0|0|wn6.localdomain
reducer|27_27|start|0.0|0.0|0.0|0.0|0.0|7|0|0|0|3356|0|0|1|643072|10174464|540672|3264512|0|868352|0|196608|223232|0|2591|8248|17|22|0|0|0|0|1656105163.49|wn4.localdomain
reducer|27_27|end|0.77|0.18|0.01|0.01|0.0|951|411|0|4096|2931654|22806|199|662|272297984|339173376|183681024|3264512|0|91021312|0|89022464|122489856|0|6191|23404|35|39|0|0|0|0|0|wn4.localdomain
reducer|28_28|start|0.0|0.0|0.0|0.0|0.0|5|0|0|0|1692|0|1|0|487424|7598080|417792|3264512|0|770048|0|163840|242688|0|2591|8026|17|19|0|0|0|0|1656105200.41|wn4.localdomain
reducer|28_28|end|1.24|0.15|0.02|0.04|0.0|1197|496|0|61440|3294012|60949|296|45|325619712|462540800|206311424|3264512|0|130404352|0|319172608|321900544|0|7056|28215|39|41|0|0|0|0|0|wn4.localdomain
reducer|28_29|start|0.0|0.0|0.0|0.0|0.0|6|0|0|0|2524|0|0|0|28672|6619136|0|3264512|0|761856|0|57344|90112|0|2589|8108|17|23|0|0|0|0|1656105206.11|wn6.localdomain
reducer|28_29|end|0.75|0.15|0.03|0.02|0.0|1159|492|0|53248|3288784|55741|272|252|314032128|450572288|206254080|3264512|0|118456320|0|307404800|310277120|0|7054|27895|39|43|0|0|0|0|0|wn6.localdomain
reducer|28_31|start|0.0|0.0|0.0|0.0|0.0|5|0|0|0|1692|0|0|0|28672|6610944|0|3264512|0|753664|0|57344|76800|0|2457|7978|15|22|0|0|0|0|1656105210.47|wn3.localdomain
reducer|28_31|end|0.78|0.13|0.04|0.02|0.0|1206|492|0|53248|3288784|55741|296|36|320151552|454987776|208015360|3264512|0|122871808|0|313561088|316473344|0|6922|27609|37|40|0|0|0|0|0|wn3.localdomain
reducer|29_29|start|0.0|0.0|0.0|0.0|0.0|5|0|0|0|1692|0|0|0|569344|7798784|491520|3264512|0|782336|0|172032|191488|0|2591|8116|17|20|0|0|0|0|1656105167.48|wn1.localdomain
reducer|29_29|end|0.78|0.15|0.01|0.01|0.0|1066|423|0|28672|3137085|40464|214|73|277278720|342700032|185536512|3264512|0|94507008|0|92037120|122764288|0|6191|23320|35|37|0|0|0|0|0|wn1.localdomain
reducer|2_2|start|0.0|0.0|0.0|0.0|0.0|5|0|0|0|1692|0|0|0|28672|6610944|0|3264512|0|753664|0|61440|87040|0|2585|8290|17|23|0|0|0|0|1656105168.92|wn6.localdomain
reducer|2_2|end|1.19|0.2|0.04|0.03|0.0|1113|492|0|53248|3289054|55739|239|24|326533120|461672448|208486400|3264512|0|129552384|0|145526784|233691136|0|7048|28407|39|45|0|0|0|0|0|wn6.localdomain
reducer|2_3|start|0.0|0.0|0.0|0.0|0.0|5|0|0|0|1692|0|0|0|28672|6610944|0|3264512|0|753664|0|61440|87040|0|2453|8008|15|25|0|0|0|0|1656105176.45|wn6.localdomain
reducer|2_3|end|0.36|0.09|0.02|0.02|0.0|894|410|0|0|2676420|21322|264|7|242503680|317652992|172507136|3264512|0|72458240|0|235794432|238615552|0|6039|23406|33|45|0|0|0|0|0|wn6.localdomain
reducer|30_30|start|0.0|0.0|0.0|0.0|0.0|5|0|0|0|1692|0|0|0|28672|6610944|0|3264512|0|753664|0|61440|87040|0|2589|8248|17|22|0|0|0|0|1656105169.59|wn3.localdomain
reducer|30_30|end|0.34|0.1|0.01|0.02|0.0|891|410|0|0|2676420|21322|241|82|242008064|316280832|173580288|3264512|0|71086080|0|234987520|237779968|0|6123|23428|34|39|0|0|0|0|0|wn3.localdomain
reducer|30_31|start|0.0|0.0|0.0|0.0|0.0|6|0|0|0|2524|0|0|0|28672|6619136|0|3264512|0|761856|0|122880|179200|0|2591|7978|17|22|0|0|0|0|1656105191.48|wn4.localdomain
reducer|30_31|end|0.32|0.12|0.02|0.01|0.0|927|410|0|0|2676420|21322|175|9|227975168|305545216|170090496|3264512|0|60350464|0|221462528|224218112|0|6191|23134|35|39|0|0|0|0|0|wn4.localdomain
reducer|31_31|start|0.0|0.0|0.0|0.0|0.0|5|0|0|0|1692|0|0|0|28672|6610944|0|3264512|0|753664|0|57344|71680|0|2457|8290|15|23|0|0|0|0|1656105186.54|wn3.localdomain
reducer|31_31|end|0.82|0.09|0.04|0.02|0.0|1134|492|0|53248|3289054|55741|260|72|309551104|448393216|203993088|3264512|0|116277248|0|301498368|304180224|0|6922|28257|37|42|0|0|0|0|0|wn3.localdomain
reducer|3_3|start|0.0|0.0|0.0|0.0|0.0|5|0|0|0|1692|0|0|0|28672|6610944|0|3264512|0|753664|0|57344|64512|0|2453|8206|15|21|0|0|0|0|1656105164.82|wn3.localdomain
reducer|3_3|end|0.72|0.14|0.03|0.04|0.0|1167|489|0|40960|3266287|52662|267|49|289071104|425242624|190353408|3264512|0|110112768|0|102248448|193860608|0|6916|28233|37|42|0|0|0|0|0|wn3.localdomain
reducer|4_4|start|0.0|0.0|0.0|0.0|0.0|13|0|0|0|6704|0|1|0|630784|10182656|528384|3264512|0|876544|0|221184|247808|0|2587|8200|17|22|0|0|0|0|1656105164.15|wn4.localdomain
reducer|4_4|end|0.8|0.16|0.01|0.01|0.0|1003|416|0|28672|3068910|37650|177|118|275120128|342556672|183844864|3264512|0|94363648|0|91664384|128259072|0|6173|23358|35|38|0|0|0|0|0|wn4.localdomain
reducer|4_5|start|0.0|0.0|0.0|0.0|0.0|5|0|0|0|1692|0|0|0|28672|6610944|0|3264512|0|753664|0|57344|63488|0|2587|7798|17|20|0|0|0|0|1656105174.57|wn4.localdomain
reducer|4_5|end|0.38|0.07|0.01|0.01|0.0|884|410|0|0|2676420|21322|209|106|230588416|308396032|169713664|3264512|0|63201280|0|60907520|94678016|0|6119|23112|34|38|0|0|0|0|0|wn4.localdomain
reducer|4_7|start|0.0|0.0|0.0|0.0|0.0|5|0|0|0|1692|0|0|0|28672|6610944|0|3264512|0|753664|0|57344|93184|0|2453|7888|15|21|0|0|0|0|1656105197.68|wn3.localdomain
reducer|4_7|end|0.76|0.14|0.03|0.04|0.0|1176|492|0|53248|3288784|55739|279|16|309108736|448389120|203554816|3264512|0|116269056|0|303357952|306143232|0|6904|27843|37|45|0|0|0|0|0|wn3.localdomain
reducer|5_5|start|0.0|0.0|0.0|0.0|0.0|5|0|0|0|1692|0|0|0|28672|6610944|0|3264512|0|753664|0|57344|60416|0|2587|8158|17|21|0|0|0|0|1656105169.95|wn1.localdomain
reducer|5_5|end|1.25|0.17|0.02|0.02|0.0|1172|492|0|53248|3289054|55739|204|31|320774144|458780672|204754944|3264512|0|126668800|0|117448704|151880704|0|7050|28299|39|43|0|0|0|0|0|wn1.localdomain
reducer|6_6|start|0.0|0.0|0.0|0.0|0.0|5|0|0|0|1692|0|0|0|28672|6610944|0|3264512|0|753664|0|57344|71680|0|2585|8400|17|24|0|0|0|0|1656105185.88|wn3.localdomain
reducer|6_6|end|0.77|0.12|0.04|0.02|0.0|1197|492|0|53248|3289054|55739|294|32|310923264|449073152|204644352|3264512|0|116957184|0|147230720|227255296|0|7126|28541|40|46|0|0|0|0|0|wn3.localdomain
reducer|6_7|start|0.0|0.0|0.0|0.0|0.0|5|0|0|0|1692|0|0|1|28672|6610944|0|3264512|0|753664|0|57344|74752|0|2585|8014|17|24|0|0|0|0|1656105192.43|wn5.localdomain
reducer|6_7|end|0.79|0.11|0.04|0.02|0.0|1181|490|0|45056|3286917|54708|288|37|303284224|446201856|200048640|3264512|0|114085888|0|296472576|298191872|0|7048|27861|39|46|0|0|0|0|0|wn5.localdomain
reducer|7_7|start|0.0|0.0|0.0|0.0|0.0|5|0|0|0|1692|0|0|0|28672|6610944|0|3264512|0|753664|0|53248|63488|0|2585|8510|17|25|0|0|0|0|1656105182.46|wn5.localdomain
reducer|7_7|end|0.75|0.16|0.05|0.02|0.0|1174|492|0|53248|3289054|55739|286|14|315428864|451272704|206897152|3264512|0|119160832|0|132960256|222388224|0|7048|28543|39|45|0|0|0|0|0|wn5.localdomain
reducer|8_11|start|0.0|0.0|0.0|0.0|0.0|5|0|0|0|1692|0|0|0|28672|6610944|0|3264512|0|753664|0|53248|70656|0|2587|8008|17|25|0|0|0|0|1656105192.76|wn3.localdomain
reducer|8_11|end|0.38|0.07|0.01|0.03|0.0|890|410|0|0|2676420|21322|258|136|244232192|319651840|172195840|3264512|0|74457088|0|78544896|159660032|0|6187|23410|35|45|0|0|0|0|0|wn3.localdomain
reducer|8_15|start|0.0|0.0|0.0|0.0|0.0|5|0|0|0|1692|0|0|0|28672|6651904|0|3264512|0|761856|0|131072|241664|0|2457|7888|15|21|0|0|0|0|1656105209.66|wn2.localdomain
reducer|8_15|end|1.25|0.17|0.04|0.01|0.0|1150|492|0|53248|3288784|55739|269|34|325156864|461594624|206098432|3264512|0|129478656|0|318590976|321438720|0|6920|27819|37|45|0|0|0|0|0|wn2.localdomain
reducer|8_8|start|0.0|0.0|0.0|0.0|0.0|8|0|0|0|4188|0|0|0|28672|7598080|0|3264512|0|761856|0|131072|169984|0|2585|8358|17|23|0|0|0|0|1656105182.6|wn5.localdomain
reducer|8_8|end|0.81|0.1|0.04|0.02|0.0|1168|492|0|53248|3289054|55739|272|12|317509632|454774784|206663680|3264512|0|122658816|0|119783424|216832000|0|7048|28391|39|43|0|0|0|0|0|wn5.localdomain
reducer|8_9|start|0.0|0.0|0.0|0.0|0.0|5|0|0|0|1692|0|0|0|28672|6610944|0|3264512|0|753664|0|57344|76800|0|2587|7846|17|20|0|0|0|0|1656105186.57|wn4.localdomain
reducer|8_9|end|1.23|0.18|0.03|0.03|0.0|1159|492|0|53248|3288784|55741|240|168|322519040|459849728|205193216|3264512|0|127733760|0|315981824|318756864|0|7040|27693|39|42|0|0|0|0|0|wn4.localdomain
reducer|9_9|start|0.0|0.0|0.0|0.0|0.0|6|0|0|0|2524|0|0|0|540672|7798784|462848|3264512|0|782336|0|172032|189440|0|2587|8206|17|21|0|0|0|0|1656105164.35|wn1.localdomain
reducer|9_9|end|0.78|0.16|0.01|0.01|0.0|1042|421|0|28672|3137085|39562|176|124|276307968|342691840|184545280|3264512|0|94498816|0|91799552|122717184|0|6107|23316|34|37|0|0|0|0|0|wn1.localdomain
